QUEST_LV_0500_20190419_000001	Я бы предпочел, чтобы это сделал кто-то другой, если это абсолютно необходимо.{nl}Почему это всегда должен быть я?	누군가는 해야 할 일이면 다른 사람이 했으면 좋겠어요.{nl}왜 저한태 이런 걸 시키는 걸까요.				케도라 상단원 이네타
QUEST_LV_0500_20190419_000002	Демоны и монстры все еще на свободе…{nl}По крайней мере, нам не нужно беспокоиться о том, что нас ограбят разбойники.{nl}Если мы сможем выбраться живыми.	몬스터와 마족들이 득실거리니..{nl}적어도 강도를 만날 걱정은 안 해도 되겠어.{nl}살아서 돌아갈 수 있다면 말이지.				케도라 상단원 타다스
QUEST_LV_0500_20190419_000003	Вы идете на разведку в течение нескольких дней, а затем вам нужно написать отчет еще на несколько дней!{nl}Мы можем что-нибудь сделать в этом штате?	정찰하는 데 며칠, 보고하는 데 또 며칠!{nl}이러면 일은 언제 끝낼 생각인 거지?				바바리안 볼케
QUEST_LV_0500_20190419_000004	Я здесь, чтобы помочь Тадасу.{nl}Я здесь не для того, чтобы убирать после беспорядка Волька.	전 타다스님을 도우러 온 것이지.{nl}볼케님이 사고 치는 걸 처리하러 온 게 아닙니다.				케도라 상단원 니르기
QUEST_LV_0500_20190419_000005	Я обманул Картаса и не дал ему украсть Семя Божественного Древа.{nl}Если бы я смог вырваться из этих печатей, я смог бы выздороветь самостоятельно.	카르타스의 눈을 속여 신수의 씨앗을 빼앗기지 않았어요.{nl}이 속박을 풀어낸다면 씨앗의 능력으로 힘을 다시 회복할 수 있을 거예요.				여신 메데이나
QUEST_LV_0500_20190419_000006	Зачем Картасу зайти так далеко, чтобы заточить меня под этим барьером…{nl}Он действительно знает свойства этого семени…?	카르타스가 이 숲에 거대한 결계를 펼치면서까지 저를 쫓는 이유가 무엇일까요..{nl}정말 이 씨앗의 존재를 알고 있는 걸까요?				여신 메데이나
QUEST_LV_0500_20190419_000007	Я найду мисс Нерингу, как только почувствую себя немного лучше.{nl}Я уверен, что она знает способ спасти Мастера Медейну из Картаса.	저는 몸을 추스리는대로 네링가님을 찾아가 보려 해요.{nl}네링가님이라면 분명 카르타스로부터 메데이나님을 구할 방법을 알고 계실 거에요.				큐폴 아스트라
QUEST_LV_0500_20190419_000008	Богослов! Лес окружает зловещая преграда, здесь опасно!{nl}Пожалуйста, тебе пора!	아! 계시자님! 이 숲에는 사악한 결계가 펼쳐져 있어서 들어오시면 위험해요!{nl}어서 벗어나세요!				큐폴 아스트라
QUEST_LV_0500_20190419_000009	Мы оказались в ловушке внутри барьера Картаса, и сил мастера Медеины недостаточно, чтобы сломать его.{nl}Мы должны помочь ей восстановить свои силы…	카르타스가 숲 일대에 펼친 결계 때문에 지금 메데이나님의 힘으로는 이곳을 벗어날 수 없어요.{nl}메데이나님이 어서 기운을 차리시고 회복하셔야 할 텐데..				큐폴 일로나
QUEST_LV_0500_20190419_000010	Если Картас найдет нас, мы будем в большой опасности.{nl}Пожалуйста, помогите мастеру Медейне выздороветь.	카르타스가 이곳을 발견하면 큰일이에요.{nl}메데이나님이 회복할 수 있도록 계시자님께서 도와주세요.				큐폴 일로나
QUEST_LV_0500_20190419_000011	Я рада, что Илона, по крайней мере, в безопасности, несмотря на барьер.{nl}Богослов, пожалуйста, найдите способ отключить барьер.	속박의 결계에 걸리긴 했지만.. 그래도 일로나가 무사해서 다행이에요.{nl}계시자님. 결계를 해제할만한 방법이 있을지 찾아봐 주세요.				큐폴 율리아
QUEST_LV_0500_20190419_000012	Возьми Илону и найди Мастера Медейну.	어서 일로나와 함께 메데이나님을 찾으러 가 봐요.				큐폴 율리아
QUEST_LV_0500_20190419_000013	Здесь ее следы заканчиваются. Заглянем во двор?	메데이나님의 흔적이 이 앞에서 끊겼으니 이 안뜰 안쪽을 확인해보는 게 어떨까요?				큐폴 율리아
QUEST_LV_0500_20190419_000014	О, я так рада, что мастер Медейна в безопасности!{nl}Этот магический круг телепортации нужно уничтожить…	메데이나님이 무사하셔서 다행이에요!{nl}그보다 메데이나님에게 펼쳐진 마계 이동 마법진을 파훼해야 할텐데..				큐폴 율리아
QUEST_LV_0500_20190419_000015	Богослов, пожалуйста, уничтожьте магический круг.{nl}Это может быть единственный шанс, который у нас есть, пока Картаса нет.	계시자님! 메데이나님에게 펼쳐진 마계 이동 마법진을 없애주세요.{nl}카르타스가 없는 지금이 기회에요.				큐폴 일로나
QUEST_LV_0500_20190419_000016	Барьер мастера Медейны наконец-то исчез.{nl}Нам нужно поторопиться…	계시자님 덕분에 메데이나님이 결계를 풀어낼 수 있었네요.{nl}어서 이곳을 벗어나야 할 텐데..				큐폴 일로나
QUEST_LV_0500_20190419_000017	Перегрузка второго магического круга сработала!	보조 마법진에 마력을 과부하 되게 주입하는 게 효과가 있었네요.				큐폴 율리아
QUEST_LV_0500_20190419_000018	Ох… Мастер Медейна…	아.. 저희 때문에 메데이나님이..				큐폴 율리아
QUEST_LV_0500_20190419_000019	Она…	메데이나님..				큐폴 일로나
QUEST_LV_0500_20190419_000020	Я опоздал…	제가 너무 늦었어요..				큐폴 아스트라
QUEST_LV_0500_20190419_000021	Хотя Мастер Медейна была захвачена Картасом…{nl}Твоя драгоценная помощь всегда будет помнить, Богослов.{nl}	비록 메데이나님이 카르타스에게 붙잡혀 가셨지만..{nl}저희는 계시자님께서 메데이나님을 찾는 일에 적극적으로 도와주신 것을 기억하고 있어요.{nl}				큐폴 아스트라
QUEST_LV_0500_20200129_000022	Победите Nuka Warrior, Nuo Assassin	누카 전사, 누오 암살자 처치				
QUEST_LV_0500_20200129_000023	По просьбе регистратора Рамды из поста наемников{nl}победите Ядер-Воина и Нуо-убийцу в крепости Твиртумас.	클라페다 의뢰소의 접수원 람다의 의뢰로{nl}트비르투마스 요새에서 누카 전사, 누오 암살자 처치를 수행해야 합니다.				
QUEST_LV_0500_20200129_000024	Победите воина из лепестков Ахласса	아클라스 페탈 전사 처치				
QUEST_LV_0500_20200129_000025	По просьбе регистратора Рамды из Поста наемников{nl}победите воина-лепестка Ахласса в крепости Твиртумас.	클라페다 의뢰소의 접수원 람다의 의뢰로{nl}트비르투마스 요새에서 아클라스 페탈 전사 처치를 수행해야 합니다.				
QUEST_LV_0500_20200129_000026	Победите живую броню	리빙 아머 처치				
QUEST_LV_0500_20200129_000027	По просьбе регистратора Рамды из поста наемников{nl}победите Живую броню в крепости Твиртумас.	클라페다 의뢰소의 접수원 람다의 의뢰로{nl}트비르투마스 요새에서 리빙 아머 처치를 수행해야 합니다.				
QUEST_LV_0500_20200129_000028	Победите Ильгаранку	일가란카 처치				
QUEST_LV_0500_20200129_000029	По просьбе регистратора Рамды из поста наемников{nl}Победите Ильгаранку в крепости Твиртумас.	클라페다 의뢰소의 접수원 람다의 의뢰로{nl}트비르투마스 요새에서 일가란카 처치를 수행해야 합니다.				
QUEST_LV_0500_20200129_000030	Победите наездника на гоблинах-блогузах, Нецко	블로거즈 고블린 라이더, 넥코 처치				
QUEST_LV_0500_20200129_000031	По просьбе приемного Рамды из Поста наемников{nl}Победите Всадника-гоблина-блога и Нецко на окраинах Скалды.	클라페다 의뢰소의 접수원 람다의 의뢰로{nl}스칼다 외곽에서 블로거즈 고블린 라이더, 넥코 처치를 수행해야 합니다.				
QUEST_LV_0500_20200129_000032	Серый волк	그레이 울프 처치				
QUEST_LV_0500_20200129_000033	По просьбе приемного Рамды из поста наемников{nl}, победите Серого Волка на окраинах Скалды.	클라페다 의뢰소의 접수원 람다의 의뢰로{nl}스칼다 외곽에서 그레이 울프 처치를 수행해야 합니다.				
QUEST_LV_0500_20200129_000034	Победите Блогузского гоблина-лучника	블로거즈 고블린 궁수 처치				
QUEST_LV_0500_20200129_000035	По просьбе приемного Рамды из поста наемников{nl}Победите блогузского гоблина Аарчера на окраине Скалды.	클라페다 의뢰소의 접수원 람다의 의뢰로{nl}스칼다 외곽에서 블로거즈 고블린 궁수 처치를 수행해야 합니다.				
QUEST_LV_0500_20200129_000036	Победите вождя серых волков	그레이 울프 치프 처치				
QUEST_LV_0500_20200129_000037	По просьбе приемного Рамды из поста наемников{nl}победите вождя серых волков на окраинах Скалды.	클라페다 의뢰소의 접수원 람다의 의뢰로{nl}스칼다 외곽에서 그레이 울프 치프 처치를 수행해야 합니다.				
QUEST_LV_0500_20200129_000038	Победите орка-копейщика	오크 살수병 처치				
QUEST_LV_0500_20200129_000039	По просьбе приемного Рамды из поста наемников{nl}, победите орка-копейщика в руинах Ринксмас.	클라페다 의뢰소의 접수원 람다의 의뢰로{nl}링크스마스 폐허에서 오크 살수병 처치를 수행해야 합니다.				
QUEST_LV_0500_20200129_000040	Победите шамана орков	오크 주술사 처치				
QUEST_LV_0500_20200129_000041	По просьбе регистратора Рамды из поста наемников{nl}победите шамана орков в руинах Ринксмас.	클라페다 의뢰소의 접수원 람다의 의뢰로{nl}링크스마스 폐허에서 오크 주술사 처치를 수행해야 합니다.				
QUEST_LV_0500_20200129_000042	Победите орка Пельтаста	오크 방패병 처치				
QUEST_LV_0500_20200129_000043	По просьбе регистратора Рамды из поста наемников{nl}победите орка Пелтаста в руинах Ринксмас.	클라페다 의뢰소의 접수원 람다의 의뢰로{nl}링크스마스 폐허에서 오크 방패병 처치를 수행해야 합니다.				
QUEST_LV_0500_20200129_000044	Победите лидера орков	오크 리더 처치				
QUEST_LV_0500_20200129_000045	По просьбе регистратора Рамды из поста наемников{nl}, победите лидера орков в руинах Ринксмас.	클라페다 의뢰소의 접수원 람다의 의뢰로{nl}링크스마스 폐허에서 오크 리더 처치를 수행해야 합니다.				
QUEST_LV_0500_20200129_000046	Победите монстров в руинах Ринксмас	링크스마스 폐허의 몬스터 처치				
QUEST_LV_0500_20200129_000047	По просьбе приемного Рамды из поста наемников{nl}Победите монстров в руинах Ринксмас.	클라페다 의뢰소의 접수원 람다의 의뢰로{nl}링크스마스 폐허에서 충분한 수의 몬스터 처치를 수행해야 합니다.				
QUEST_LV_0500_20200129_000048	Победите орка-канонира	오크 캐논병 처치				
QUEST_LV_0500_20200129_000049	По просьбе регистратора Рамды из поста наемников{nl}, победите орка-канонира на Дороге смерти.	클라페다 의뢰소의 접수원 람다의 의뢰로{nl}종언의 길에서 오크 캐논병 처치를 수행해야 합니다.				
QUEST_LV_0500_20200129_000050	Победите знаменосца орков	오크 깃발병 처치				
QUEST_LV_0500_20200129_000051	По просьбе приемного Рамды из Поста наемников{nl}, победите знаменосца орков на Дороге смерти.	클라페다 의뢰소의 접수원 람다의 의뢰로{nl}종언의 길에서 오크 깃발병 처치를 수행해야 합니다.				
QUEST_LV_0500_20200129_000052	Победите капитана орков	오크 대장 처치				
QUEST_LV_0500_20200129_000053	По просьбе регистратора Рамды из Поста наемников{nl}, победите капитана орков на Дороге смерти.	클라페다 의뢰소의 접수원 람다의 의뢰로{nl}종언의 길에서 오크 대장 처치를 수행해야 합니다.				
QUEST_LV_0500_20200129_000054	Победите монстров на дороге смерти	종언의 길의 몬스터 처치				
QUEST_LV_0500_20200129_000055	По просьбе приемного Рамды из Поста наемников{nl}Победите монстров на Дороге смерти.	클라페다 의뢰소의 접수원 람다의 의뢰로{nl}종언의 길에서 충분한 수의 몬스터 처치를 수행해야 합니다.				
QUEST_LV_0500_20200129_000056	По просьбе приемного Рамды из Поста наемников победите Ядер-Воина и Нуо-Ассасина в крепости Твиртумас.	클라페다 의뢰소의 접수원 람다의 의뢰로 트비르투마스 요새에서 누카 전사, 누오 암살자 처치를 수행해야 합니다.				
QUEST_LV_0500_20200129_000057	По просьбе приемного Рамды из Поста наемников победите воина-лепестка Ахласса в крепости Твиртумас.	클라페다 의뢰소의 접수원 람다의 의뢰로 트비르투마스 요새에서 아클라스 페탈 전사 처치를 수행해야 합니다.				
QUEST_LV_0500_20200129_000058	По просьбе приемного Рамды из поста наемников победите Живую броню в крепости Твиртумас.	클라페다 의뢰소의 접수원 람다의 의뢰로 트비르투마스 요새에서 리빙 아머 처치를 수행해야 합니다.				
QUEST_LV_0500_20200129_000059	По просьбе приемного Рамды с поста наемников победите Ильгаранку в крепости Твиртумас.	클라페다 의뢰소의 접수원 람다의 의뢰로 트비르투마스 요새에서 일가란카 처치를 수행해야 합니다.				
QUEST_LV_0500_20200129_000060	По просьбе приемного Рамды из Поста наемников победите Блогузского всадника на гоблинах и Нецко на окраинах Скалды.	클라페다 의뢰소의 접수원 람다의 의뢰로 스칼다 외곽에서 블로거즈 고블린 라이더, 넥코 처치를 수행해야 합니다.				
QUEST_LV_0500_20200129_000061	По просьбе приемного Рамды из Поста наемников победите Серого Волка на окраинах Скалды.	클라페다 의뢰소의 접수원 람다의 의뢰로 스칼다 외곽에서 그레이 울프 처치를 수행해야 합니다.				
QUEST_LV_0500_20200129_000062	По просьбе приемного Рамды из Поста наемников победите блогузского гоблина-лучника на окраине Скалды.	클라페다 의뢰소의 접수원 람다의 의뢰로 스칼다 외곽에서 블로거즈 고블린 궁수 처치를 수행해야 합니다.				
QUEST_LV_0500_20200129_000063	По просьбе приемного Рамды из Поста наемников победите вождя Серых Волков на окраинах Скалды.	클라페다 의뢰소의 접수원 람다의 의뢰로 스칼다 외곽에서 그레이 울프 치프 처치를 수행해야 합니다.				
QUEST_LV_0500_20200129_000064	По просьбе регистратора Рамды из Поста наемников победите Орка-Копейщика в Руинах Ринксмас.	클라페다 의뢰소의 접수원 람다의 의뢰로 링크스마스 폐허에서 오크 살수병 처치를 수행해야 합니다.				
QUEST_LV_0500_20200129_000065	По просьбе приемного Рамды из Поста наемников победите шамана орков в руинах Ринксмаса.	클라페다 의뢰소의 접수원 람다의 의뢰로 링크스마스 폐허에서 오크 주술사 처치를 수행해야 합니다.				
QUEST_LV_0500_20200129_000066	По просьбе администратора поста наемников Рамды победите орка Пельтаста в руинах Ринксмас.	클라페다 의뢰소의 접수원 람다의 의뢰로 링크스마스 폐허에서 오크 방패병 처치를 수행해야 합니다.				
QUEST_LV_0500_20200129_000067	По просьбе приемного Рамды из заставы наемников победите лидера орков в руинах Ринксмас.	클라페다 의뢰소의 접수원 람다의 의뢰로 링크스마스 폐허에서 오크 리더 처치를 수행해야 합니다.				
QUEST_LV_0500_20200129_000068	По просьбе приемного Рамды из Поста наемников победите монстров в Руинах Ринксмас.	클라페다 의뢰소의 접수원 람다의 의뢰로 링크스마스 폐허에서 충분한 수의 몬스터 처치를 수행해야 합니다.				
QUEST_LV_0500_20200129_000069	По просьбе приемного Рамды из Поста наемников победите орка-канонира на Дороге смерти.	클라페다 의뢰소의 접수원 람다의 의뢰로 종언의 길에서 오크 캐논병 처치를 수행해야 합니다.				
QUEST_LV_0500_20200129_000070	По просьбе приемного Рамды из Поста наемников победите Орка-знаменосца на Дороге смерти.	클라페다 의뢰소의 접수원 람다의 의뢰로 종언의 길에서 오크 깃발병 처치를 수행해야 합니다.				
QUEST_LV_0500_20200129_000071	По просьбе приемного Рамды из Поста наемников победите капитана орков на Дороге смерти.	클라페다 의뢰소의 접수원 람다의 의뢰로 종언의 길에서 오크 대장 처치를 수행해야 합니다.				
QUEST_LV_0500_20200129_000072	По просьбе приемного Рамды из Поста наемников победите монстров на Дороге смерти.	클라페다 의뢰소의 접수원 람다의 의뢰로 종언의 길에서 충분한 수의 몬스터 처치를 수행해야 합니다.				
QUEST_LV_0500_20200320_000073	Подожди, может быть… ты - Бог откровений?	잠시만요, 혹시 계시자인가요?				세이지 파견원
QUEST_LV_0500_20200320_000074	Мы в серьезной опасности.{nl}После Medzio Diena измерение начало время от времени разрушаться.	큰일입니다.{nl}신수의 날 이후로 종종 차원이 붕괴하는 현상이 나타나고 있어요.{nl}				세이지 파견원
QUEST_LV_0500_20200320_000075	Монстры поблизости ускоряют коллапс.{nl}Если не предотвратить заранее, это распространится на весь континент.{nl}Мне нужна помощь Богослов, так как это не в моих силах.{nl}Пожалуйста, протяни мне руку помощи. .	더군다나 근처의 몬스터들이 붕괴를 가속하고 있죠.{nl}막지 않으면 차원 붕괴가 대륙 전역으로 번질 거예요.{nl}저 혼자서는 벅찬일이라 계시자들에게 도움을 구하고 있습니다.{nl}이렇게 부탁드립니다.				세이지 파견원
QUEST_LV_0500_20200320_000076	Будьте осторожны, чтобы не попасть в пространственный коллапс.{nl}Было бы разумно подойти, когда вы полностью подготовлены.	차원 붕괴에 휘말려 아까운 목숨을 잃지 않도록 주의하세요.{nl}준비가 충분하지 않으면 가까이 가지 않는 게 좋습니다.				세이지 파견원
QUEST_LV_0500_20200320_000077	Предотвратить сжатие размера	차원 붕괴 저지				
QUEST_LV_0500_20200320_000078	Правильно.	계시자가 맞다고 한다.				
QUEST_LV_0500_20200320_000079	На самом деле, нет.	계시자가 아니라고 한다.				
QUEST_LV_0500_20200320_000080	Поговорите с посланником мудреца.	세이지 파견원과 대화하기.				
QUEST_LV_0500_20200320_000081	Посланник Мудрецов в Павшем городе кое-что дает читателям Откровения. Поговорите с посланником мудреца.	폐도에 위치한 세이지 파견원이 계시자들에게 무언가를 지급하고 있습니다. 세이지 파견원과 대화하세요.				
QUEST_LV_0500_20200710_000082	Мы расследуем недавнюю сильную волну холода, которая произошла здесь.{nl}	저희는 여기서 최근에 일어난 한파 현상에 대해 조사하고 있습니다.{nl}				크루세이더 마스터
QUEST_LV_0500_20200710_000083	Три расследования показали, что демоны под этой скалой несут ответственность за сильную волну холода.{nl}	세 차례에 걸친 조사로 이 절벽 아래에 있는 마족이 한파의 원인이라는 건 알아냈습니다.{nl}				크루세이더 마스터
QUEST_LV_0500_20200710_000084	Имя демона…{nl}	마족의 이름은..{nl}				크루세이더 마스터
QUEST_LV_0500_20200710_000085	Гласия{nl}	글레이시어.{nl}				크루세이더 마스터
QUEST_LV_0500_20200710_000086	Это был демон по имени Гласия.{nl}Мы также нашли черный кристалл, плавающий на специальном устройстве.{nl}Не знаю, что это, но он концентрировал сильную магическую силу.{nl}	글레이시어라고 하는 마족입니다.{nl}그리고 특별한 장치 위에 떠 있는 검은 수정도 발견했습니다.{nl}정체가 확실하지는 않지만, 강한 마력을 응축하고 있었습니다.{nl}				크루세이더 마스터
QUEST_LV_0500_20200710_000087	Было предпринято несколько попыток победить Глацию, но им не удалось прорваться сквозь волну холода и демонов.{nl}	몇 차례 글레이시어 토벌을 시도했지만, 한파와 마족의 공세를 뚫는 데 실패했습니다.{nl}				크루세이더 마스터
QUEST_LV_0500_20200710_000088	Я слышал о действиях авторов Откровения.{nl}Пожалуйста, помогите победить Глацию.	계시자들의 활약상은 들었습니다.{nl}글레이시어  처치를 도와주십시오.				크루세이더 마스터
QUEST_LV_0500_20200710_000089	Что ж, увидимся снова, когда ты будешь готов спуститься со скалы.	그럼, 절벽 아래로 내려갈 준비를 마친 후 다시 뵙겠습니다.				크루세이더 마스터
QUEST_LV_0500_20200710_000090	Если вы спуститесь со скалы, вам будет сложно попросить дополнительной поддержки.{nl}Будет непросто прорваться сквозь волну холода, создаваемую Glacia.{nl}	절벽 아래로 내려간다면, 추가 지원을 요청하기는 힘들 겁니다.{nl}글레이시어가 일으키고 있는 한파를 버젓이 뚫고 가기도 쉽지 않을 겁니다.{nl}				크루세이더 마스터
QUEST_LV_0500_20200710_000091	Мы будем здесь, чтобы помочь Богослов оседлать клетку и безопасно спуститься со скалы.{nl}	저희는 여기서 계시자님이 철창을 타고 절벽 아래로 무사히 내려갈 수 있도록 돕겠습니다.{nl}				크루세이더 마스터
QUEST_LV_0500_20200710_000092	Я рассчитываю на тебя по поводу Глации.	글레이시어를 잘 부탁합니다.				크루세이더 마스터
QUEST_LV_0500_20200710_000093	Богослов.{nl}Не могли бы вы занять минутку?{nl}	계시자님.{nl}잠시 시간 좀 내주시겠습니까?{nl}				크루세이더 파견원
QUEST_LV_0500_20200710_000094	В прошлый раз, исследуя подножие утеса, я нашел несколько вещей.{nl}Среди них эта красная жидкость…{nl}Она не замерзала на морозе, на ней был только тонкий лед. {Nl }	지난 번, 절벽 아래를 조사하는 중에 몇 가지를 발견한 게 있습니다.{nl}그중 이 붉은 액체..{nl}그 추위 속에서 얼지 않고 살얼음만 띄고 있더군요.{nl}				크루세이더 파견원
QUEST_LV_0500_20200710_000095	Я собрал его, так как он казался таким необычным.{nl}Если есть кто-нибудь, кому вы можете доверить анализ, я оставлю это вам, Богослов.	아무래도 심상치 않아 채취했습니다.{nl}혹시 분석을 맡길 만한 사람이 있다면 계시자님께 맡기겠습니다.				크루세이더 파견원
QUEST_LV_0500_20200710_000096	Спасибо.{nl}Пожалуйста, вернитесь ко мне, когда анализ будет завершен.	감사합니다.{nl}분석이 완료되면 다시 저를 찾아와 주세요.				크루세이더 파견원
QUEST_LV_0500_20200710_000097	Вы хотите сказать, что хотите проанализировать решение?{nl}Это несложно, но меня это пугает.	용액을 분석해 달라는 말씀이신가요?{nl}어려운 일은 아니지만, 불길한 짐작이 드는군요.{nl}				플레이그 닥터 마스터
QUEST_LV_0500_20200710_000098	Мне нужно растение, чтобы убедиться.{nl}Меня не волнует, что это такое, так можешь ли ты достать мне его поблизости?{nl}В конце концов, недалеко отсюда растут длинные растения.	확실히 하기 위해서는 식물이 필요합니다.{nl}근처에서 어떤 것이든 상관없으니 하나만 구해주시겠습니까?{nl}그러고 보니 마침, 여기서 멀지 않은 쪽에 길게 자란 식물이 있으니 그게 좋겠네요.				플레이그 닥터 마스터
QUEST_LV_0500_20200710_000099	Пожалуйста, вернитесь ко мне, когда анализ будет завершен.	분석이 완료되면 다시 저를 찾아와 주세요.				크루세이더 파견원
QUEST_LV_0500_20200710_000100	Это…{nl}	이건..{nl}				플레이그 닥터 마스터
QUEST_LV_0500_20200710_000101	похоже, Крувина.{nl}Я слышал об этом по слухам.{nl}Он в форме жидкости, но… Я впервые увидел это.{nl}	아무래도 크루비나인 것 같군요.{nl}소문으로 들은 적이 있습니다.{nl}액체의 형태이지만.. 실제로 보는 건 처음이군요.{nl}				플레이그 닥터 마스터
QUEST_LV_0500_20200710_000102	Однако здесь смешано больше крови.{nl}Я думаю… кто-то вырвал это кровью из своего тела.{nl}	다만, 여기에는 피가 더 많이 섞여 있습니다.{nl}아무래도.. 누군가의 몸에 있다가 피와 함께 토해낸 거로 생각합니다.{nl}				플레이그 닥터 마스터
QUEST_LV_0500_20200710_000103	Например, как вы сказали, это может быть демон Глация.{nl}	이를테면.. 말씀하신 글레이시어라는 마족이겠네요.{nl}				플레이그 닥터 마스터
QUEST_LV_0500_20200710_000104	Плохой знак.	안 좋은 징조입니다.				플레이그 닥터 마스터
QUEST_LV_0500_20200710_000105	Мы просим вас исследовать это со всей ответственностью.{nl}Нечто подобное не только обычный демон захочет.	이번 일에 대해서 책임을 갖고 조사해주시기를 부탁드립니다.{nl}이런 물건이라면 평범한 마족 정도만 탐낼 물건이 아닐 겁니다.				플레이그 닥터 마스터
QUEST_LV_0500_20200710_000106	Вы вернулись.{nl}	오셨습니까?{nl}				크루세이더 파견원
QUEST_LV_0500_20200710_000107	Хорошо.{nl}Мы позаботимся о процессе и изучении этого решения.{nl}Большое спасибо за вашу помощь.	알겠습니다.{nl}이 용액에 대한 처리와 조사는 저희가 맡겠습니다.{nl}도와주셔서 정말 감사합니다.				크루세이더 파견원
QUEST_LV_0500_20200710_000108	Богослов.{nl}Я слышал историю о загадочной женщине, которую засвидетельствовали среди солдат в лагере на плато Стогас.	계시자님.{nl}스토가스 고원의 야영지에 주둔한 병사 중에서 의문의 여인에 대한 목격담을 이야기했다는 소식을 들었습니다.				크루세이더 파견원
QUEST_LV_0500_20200710_000109	Я получил приказ сохранить текущую позицию.{nl}Поскольку о расследовании не было сообщено Мастеру, я не думаю, что смогу двигаться.{nl}Не могли бы вы встретиться с солдатами лагеря вместо меня?	저는 현 위치를 유지하라는 명령을 받았습니다.{nl}아무래도 마스터님에게는 보고하지 않은 조사라 제가 움직이기는 힘들 것 같습니다.{nl}저를 대신해 야영지의 병사들을 만나봐 주실 수 있으실까요?				크루세이더 파견원
QUEST_LV_0500_20200710_000110	Спасибо за вашу помощь.{nl}Если вы поищете в лагере командира Стогаса Адеса, вы сможете сэкономить силы.	도와주셔서 정말 감사합니다.{nl}야영지에 있는 스토가스 분대장 아데스라는 사람을 찾아보시면 수고를 줄이실 수 있으실 겁니다.				크루세이더 파견원
QUEST_LV_0500_20200710_000111	Вы приехали после того, как услышали от очевидца о загадочной женщине?	의문의 여인에 대한 목격담을 듣고 오셨다고요?				스토가스 분대장 아데스
QUEST_LV_0500_20200710_000112	Я полностью помню.{nl}Странно было то, что она кричала о помощи, но она, казалось, игнорировала нас, когда мы пытались ей помочь.{nl}Кроме того, она пробормотала, что никто ей не помогает.{nl}Она выглядела так, как будто она была не в своем уме.	분명히 기억하고 있어요.{nl}이상했던 게, 누구든지 자신을 도와달라며 울면서도 도와주려는 저희를 무시하는 듯했었죠.{nl}그러면서 아무도 자신을 돕지 않는다며 중얼거리기도 했습니다.{nl}제정신 같지가 않았어요.				스토가스 분대장 아데스
QUEST_LV_0500_20200710_000113	Если это трудно понять, спросите Мортимера.{nl}Это он нашел ее.	이해하기 힘드시다면, 고원병사 모티머에게 물어보시면 됩니다.{nl}그 여인을 발견했던 게 바로 모티머였습니다.				스토가스 분대장 아데스
QUEST_LV_0500_20200710_000114	Если вы поищете в лагере командира Стогаса Адеса, то сможете сэкономить.	야영지에 있는 스토가스 분대장 아데스라는 사람을 찾아보시면 수고를 줄이실 수 있으실 겁니다.				크루세이더 파견원
QUEST_LV_0500_20200710_000115	Да? Что это?{nl}	무슨 일이시죠?				고원병사 모티머
QUEST_LV_0500_20200710_000116	Спросите солдата Мотимера о женщине.{nl}Это он нашел ее.	여인에 대해서라면 고원병사 모티머에게 물어보시면 됩니다.{nl}그 여인을 발견했던 게 바로 모티머였습니다.				스토가스 분대장 아데스
QUEST_LV_0500_20200710_000117	Ваш вопрос о женщине.	여인에 대해서 여쭤보시는 거군요.				고원병사 모티머
QUEST_LV_0500_20200710_000118	О, но сейчас не самое подходящее время.{nl}Я тороплюсь.{nl}Пока я заканчиваю свою работу, вы можете посмотреть на дорогу к Пустому участку Гехимы.{nl}Это было где-то там, где Я впервые нашел женщину.	아, 하지만 지금은 곤란합니다.{nl}서둘러 처리할 일이 있어서요.{nl}제가 일을 마무리하는 동안 게히마 공터로 가는 길목을 살펴보시는 게 좋을 겁니다.{nl}그 여인을 처음 발견했던 게 그 근처였습니다.				고원병사 모티머
QUEST_LV_0500_20200710_000119	Я сделаю работу в спешке, поэтому, пожалуйста, сначала проверьте дороги Пустого Участка Гехимы.	그럼, 서둘러 일을 마무리할 테니 게히마 공터의 길목을 먼저 조사해 보십시오.				고원병사 모티머
QUEST_LV_0500_20200710_000120	Я сделаю работу поскорее, так что сначала проверь дороги Пустого участка Гехимы.	저는 서둘러 일을 마무리할 테니 게히마 공터의 길목을 먼저 조사해 보십시오.				고원병사 모티머
QUEST_LV_0500_20200710_000121	Я искал тебя, Богослов.	마침 계시자님을 찾던 중이었습니다.				고원병사 모티머
QUEST_LV_0500_20200710_000122	Эти кандалы…{nl}Это кандалы от женщины.	그 족쇄는..{nl}그 여인의 발목에 채워져 있던 족쇄군요.				고원병사 모티머
QUEST_LV_0500_20200710_000123	Она смотрела в воздух и просила о помощи, как будто она вообще не могла нас видеть и слышать.{nl}Я пыталась помочь, но не смогла.{nl}Она двинулась к Второму рабочему месту Алмола, бормоча это никто ей не помогал.	그 여인은 마치 저희가 전혀 보이지도 들리지도 않는 것처럼 허공을 응시하며 도와달라고만 했습니다.{nl}제가 어떻게든 도우려고 했지만, 그럴 수도 없을 지경이었죠.{nl}여인은 아무도 자신을 돕지 않는다며 중얼거리면서 알몰 제2 노역장 방향으로 갔습니다.				고원병사 모티머
QUEST_LV_0500_20200710_000124	В этом месте было трудно выжить.{nl}Если подумать, ее глаза, уставившиеся в воздух, были странными.{nl}Я думаю, что в зрачке не было никаких черных частей.{nl}Шаги, казалось, помогали. быть трудным для нее, поэтому разорвать кандалы - это все, что я мог сделать.	이런 지형에서 살아남기도 힘들어 보이는 상태였죠.{nl}그러고 보니 허공을 응시하고 있던 눈동자가 이상했습니다.{nl}검은자가.. 없었던 것 같습니다.{nl}걷는 것이 힘들어 보여 족쇄를 끊어 주는 것만이 제가 할 수 있는 전부였습니다.				고원병사 모티머
QUEST_LV_0500_20200710_000125	Вы здесь.{nl}Вы закончили расследование в отношении женщины, свидетелем которой была в лагере?	오셨군요.{nl}야영지에서 발견된 여인의 목격담에 대해 조사를 마치셨습니까?				크루세이더 파견원
QUEST_LV_0500_20200710_000126	Так вот что произошло.{nl}Очень вероятно, что она подошла к этому месту и упала со скалы.{nl}Она может быть в опасности.	그렇게 된 것이군요.{nl}이곳까지 와서 절벽 아래로 떨어졌을 가능성이 높습니다.{nl}당연히 무사하진 못 했겠군요.				크루세이더 파견원
QUEST_LV_0500_20200710_000127	Крувина Ликвид попала на упавший объект, значит… что женщина должна быть Глацией.	떨어져 있던 물품에 크루비나 용액이 묻어 있었다는 말은.. 그 여인이 곧, 글레이시어겠군요.				크루세이더 파견원
QUEST_LV_0500_20200710_000128	Судя по тому, что исследовал Богослов и что мы изучали, похоже, что Глация пострадала от более крупного существа.{nl}Должно быть, за этим стоит демон, который причинил ей вред.	계시자님께서 조사해주신 내용과 저희가 그동안 조사한 내용을 토대로 추측해봤을 때, 글레이시어는 더 큰 존재에게 해를 입었을 것으로 생각됩니다.{nl}아무래도 그녀의 정신을 해치고 마족화시킨 배후가 있겠군요.				크루세이더 파견원
QUEST_LV_0500_20200710_000129	Богослов.{nl}Думаю, пора спуститься со скалы.{nl}Расскажи мне все, что найдешь в лесу Белой Ведьмы.	계시자님.{nl}이제는 저 절벽 아래로 내려가봐야 할 때인 것 같습니다.{nl}하얀 마녀의 숲에서 무엇이든지 발견하신다면 저에게 알려주시길 부탁드립니다.				크루세이더 파견원
QUEST_LV_0500_20200710_000130	Гласия могла стать таким состоянием после того, как упала со скалы.{nl}Расскажи мне все, что найдешь в лесу Белой Ведьмы.	글레이시어는 절벽 아래로 떨어진 이후 지금에 이르렀을 겁니다.{nl}하얀 마녀의 숲에서 무엇이든지 발견하신다면, 저에게 알려주시길 부탁드립니다.				크루세이더 파견원
QUEST_LV_0500_20200710_000131	Богослов пока…	계시자님 지금은..				크루세이더 파견원
QUEST_LV_0500_20200710_000132	Остановите, пожалуйста.	멈춰주십시오.				크루세이더 마스터
QUEST_LV_0500_20200710_000133	Богослов.{nl}Мне нужно тебе кое-что сказать.	계시자님.{nl}드릴 말씀이 있습니다.				크루세이더 마스터
QUEST_LV_0500_20200710_000134	Я здесь командующий.{nl}Пожалуйста, воздержитесь от любых несанкционированных расследований.{nl}Даже если вы являетесь носителем откровений, вы окажетесь в невыгодном положении, если нарушите законы Королевства.	이곳의 지휘를 담당하고 있는 것은 바로 저입니다.{nl}허가되지 않은 조사 활동은 삼가 주십시오.{nl}아무리 계시자님이라고 하셔도, 왕국의 법을 어기신다면 불리한 입장에 처하시게 될 겁니다.				크루세이더 마스터
QUEST_LV_0500_20200710_000135	Я хотел бы выразить свою искреннюю признательность за самоотверженность Носителя откровений, который сотрудничал с расследованием.{nl}Однако, если какой-либо враг представляет угрозу новому миру, он должен быть наказан.{nl}Это единственный долг для Крестоносец.	조사에 협조해주신 계시자님의 헌신에 대해서는 분명한 감사를 표하겠습니다.{nl}다만, 적이 누구든지 신수에 위협이 될 존재라면 마땅히 처단해야 합니다.{nl}크루세이더가 가진 의무는 그것뿐입니다.				크루세이더 마스터
QUEST_LV_0500_20200710_000136	Пожалуйста, воздержитесь от произвольного расследования.	앞으로는 독단적인 조사는 지양해주십시오.				크루세이더 마스터
QUEST_LV_0500_20200710_000137	Мы расследуем аномальную сильную холодную волну, исходящую от Нубарского утеса.{nl}Однако у нас возникли трудности из-за нехватки персонала.{nl}Если вы в порядке, вы можете мне помочь?	누바스크 절벽에서 발생하고 있는 이상 한파 현상에 대해 조사하고 있습니다.{nl}하지만, 인력이 부족한 탓에 어려움을 겪고 있습니다.{nl}괜찮으시다면 도와주실 수 있으십니까?				크루세이더 파견원
QUEST_LV_0500_20200710_000138	Спасибо.{nl}Поехали на Нубарский утес.	감사합니다.{nl}누바스크 절벽으로 가시죠.				크루세이더 파견원
QUEST_LV_0500_20200710_000139	Аномально сильная волна холода идет с Нубарского утеса.	이상 한파는 누바스크 절벽에서 발생하고 있습니다.				크루세이더 파견원
QUEST_LV_0500_20200710_000140	Спасибо за помощь в расследовании.{nl}Если будет собрано достаточно улик, я отнесу их в королевство и подготовлю планы.{nl}Я все время переживаю из-за нехватки рабочей силы.	조사를 도와주셔서 감사합니다.{nl}충분한 증거가 모이면 왕국에 가져가 대책을 마련할 생각입니다.{nl}항상 인력이 부족해서 고민이군요..				크루세이더 파견원
QUEST_LV_0500_20200710_000141	Я не могу тебе помочь.	도울 수 없다고 한다.				
QUEST_LV_0500_20200710_000142	Белая ведьма и крестоносец (1)	하얀 마녀와 크루세이더(1)				
QUEST_LV_0500_20200710_000143	Я сейчас занят другими делами.	지금은 다른 일 때문에 바쁘다고 한다.				
QUEST_LV_0500_20200710_000144	Белая ведьма и крестоносец (2)	하얀 마녀와 크루세이더(2)				
QUEST_LV_0500_20200710_000145	Я сделаю все возможное для выполнения этой задачи.	이번 일에 최선을 다하겠다고 한다.				
QUEST_LV_0500_20200710_000146	Я хочу бросить.	이쯤에서 그만두고 싶다고 한다.				
QUEST_LV_0500_20200710_000147	Белая ведьма и крестоносец (3)	하얀 마녀와 크루세이더(3)				
QUEST_LV_0500_20200710_000148	Я не хочу больше участвовать.	더 관여하고 싶지 않다고 말한다.				
QUEST_LV_0500_20200710_000149	Белая ведьма и крестоносец (4)	하얀 마녀와 크루세이더(4)				
QUEST_LV_0500_20200710_000150	Я не интересуюсь.	관심이 없다고 한다.				
QUEST_LV_0500_20200710_000151	Белая ведьма и крестоносец (5)	하얀 마녀와 크루세이더(5)				
QUEST_LV_0500_20200710_000152	Поделитесь результатом расследования.	조사 결과를 전한다.				
QUEST_LV_0500_20200710_000153	Следствие еще не закончено.	아직 조사가 끝나지 않았다고 한다.				
QUEST_LV_0500_20200710_000154	Белая ведьма и крестоносец (6)	하얀 마녀와 크루세이더(6)				
QUEST_LV_0500_20200710_000155	У меня есть другие дела.	지금은 다른 일이 있다고 한다.				
QUEST_LV_0500_20200710_000156	Белая ведьма и крестоносец (7)	하얀 마녀와 크루세이더(7)				
QUEST_LV_0500_20200710_000157	Покажи письмо.	편지를 보여준다.				
QUEST_LV_0500_20200710_000158	Сделайте вид, что не знаете.	시치미를 뗀다.				
QUEST_LV_0500_20200710_000159	Аномальная сильная холодная волна плато Стогас	스토가스 고원의 이상 한파				
QUEST_LV_0500_20200710_000160	Помогите в расследовании.	조사에 도움을 준다.				
QUEST_LV_0500_20200710_000161	Не помогай в расследовании.	조사를 돕지 않는다.				
QUEST_LV_0500_20200710_000162	Поговорите с Мастером крестоносцев	크루세이더 마스터와 대화하기				
QUEST_LV_0500_20200710_000163	Мастер крестоносцев, отвечавший за расследование на плато Стогас, просит помощи у хранителей откровений.{nl}Отправляйтесь к Зофии Элеоноре, мастеру крестоносцев с плато Стогас, и послушайте рассказ.	스토가스 고원 지대에서 조사 임무를 맡던 크루세이더 마스터가 계시자들에게 도움을 요청하고 있습니다.{nl}스토가스 고원의 크루세이더 마스터 조피아 엘레노라를 찾아가 이야기를 들어보세요.				
QUEST_LV_0500_20200710_000164	Будьте готовы и возвращайтесь к Мастеру крестоносцев	준비를 마치고 크루세이더 마스터에게 돌아가기				
QUEST_LV_0500_20200710_000165	Говорят, что Зофия попросила авторов Откровения помочь победить Глацию под обрывом.{nl}Если вы готовы спуститься со скалы, вернитесь к Зофии и расскажите об этом.	조피아는 절벽 아래에 있는 글레이시어를 처치하기 위해 계시자들에게 도움을 요청했다고 합니다.{nl}절벽 아래로 내려 갈 준비를 마쳤다면 조피아에게 돌아가 이야기하세요.				
QUEST_LV_0500_20200710_000166	Белая ведьма и крестоносец	하얀 마녀와 크루세이더				
QUEST_LV_0500_20200710_000167	Поговорите с посланником крестоносцев	크루세이더 파견원과 대화하기.				
QUEST_LV_0500_20200710_000168	Посланнику крестоносцев, кажется, есть что вам сказать.{nl}Поговорите с посланником крестоносцев.	크루세이더 파견원이 당신에게 할 말이 있는 듯 합니다.{nl}크루세이더 파견원과 이야기를 나눠 보세요.				
QUEST_LV_0500_20200710_000169	Собирайте растения.	식물을 채집하기.				
QUEST_LV_0500_20200710_000170	Крестоносец поручил провести расследование об объектах, найденных во время исследования Леса Белой Ведьмы.{nl}Отправляйтесь к Мастеру Чумного Доктора и попросите провести анализ красной жидкости с тонким льдом.	크루세이더 파견원은 하얀 마녀의 숲을 탐사 중 발견한 물건에 대해 조사를 맡겼습니다.{nl}플레이그 닥터 마스터에게 찾아가 살얼음 띈 붉은 액체의 분석을 의뢰하세요.				
QUEST_LV_0500_20200710_000171	Вернуться к мастеру чумного доктора	플레이그 닥터 마스터에게 돌아가기.				
QUEST_LV_0500_20200710_000172	Вы получили растение, о котором просил Мастер Чумного Доктора.{nl}Вернитесь к Мастеру Чумного Доктора и передайте растение, чтобы завершить анализ раствора.	플레이그 닥터 마스터가 말한 식물을 구했습니다.{nl}플레이그 닥터 마스터에게 돌아가 의뢰를 용액 분석을 마무리할 수 있도록 식물을 전해주세요.				
QUEST_LV_0500_20200710_000173	Получите результат расследования от мастера чумного доктора	플레이그 닥터 마스터에게 조사 결과를 받기				
QUEST_LV_0500_20200710_000174	Снова поговорите с Чумным Доктором.	플레이그 닥터와 다시 이야기 하기.				
QUEST_LV_0500_20200710_000175	Мастер Чумного Доктора выразил обеспокоенность тем, что решением было именно Жидкость Крувина.{nl}Кажется, ему есть что попросить, так что поговорите с Мастером Чумного Доктора еще раз.	플레이그 닥터 마스터는 용액의 정체가 크루비나 용액이라는 사실을 알고 우려를 표했습니다.{nl}그가 당부할 것이 있는 것 같으니 다시 플레이그 닥터 마스터와 대화하세요.				
QUEST_LV_0500_20200710_000176	Вернитесь к посланнику крестоносцев.	크루세이더 파견원에게 돌아가기.				
QUEST_LV_0500_20200710_000177	Анализ решения завершен.{nl}Вернитесь к посланнику крестоносцев и верните жидкость Крувина.	용액의 분석 의뢰를 완료했습니다.{nl}크루세이더 파견원에게 돌아가 크루비나 용액을 돌려주세요.				
QUEST_LV_0500_20200710_000178	Посланник крестоносцев сказал, что они займутся дальнейшим расследованием Крувинской жидкости.{nl}Поговорите с посланником еще раз, чтобы спросить, есть ли что-нибудь, чтобы помочь.	크루세이더 파견원은 크루비나 용액에 대한 이후 조사는 자신들이 맡겠다고 했습니다.{nl}파견원과 다시 이야기해서 도울 일이 있는지 물어보세요.				
QUEST_LV_0500_20200710_000179	Командир Стогаса Адес	스토가스 분대장 아데스 찾아가기.				
QUEST_LV_0500_20200710_000180	Посланник крестоносцев говорит, что есть место, где была замечена фигура, предположительно Глация.{nl}Идите к командиру Стогаса Адесу в кемпинг на плато Стогас и послушайте его.	크루세이더 파견원은 글레이시어로 추정되는 인물이 목격된 장소가 있다고 합니다.{nl}스토가스 고원의 야영지 지역에 있는 스토가스 분대장 아데스를 찾아가 관련된 이야기를 들어보세요.				
QUEST_LV_0500_20200710_000181	Идите к солдату Мотимеру.	고원병사 모티머 찾아가기.				
QUEST_LV_0500_20200710_000182	Я слышал историю о женщине, которую подозревают в Глации из Адеса.{nl}За подробностями обращайтесь к солдату Мотимеру.{nl}	아데스로부터 글레이시어로 추정되는 여인의 이야기를 들었습니다.{nl}자세한 이야기를 듣기 위해 고원병사 모티머를 찾아세요.{nl}				
QUEST_LV_0500_20200710_000183	Поговорите с солдатом Мотимером.	고원병사 모티머와 대화하기.				
QUEST_LV_0500_20200710_000184	Послушайте солдата Мотимера, рассказывающего историю о женщине, которую подозревают в Глации.	고원병사 모티머에게 글레이시어로 추정되는 여인에 대한 이야기를 들으세요.				
QUEST_LV_0500_20200710_000185	Выясните место происшествия.	사건 장소 조사하기.				
QUEST_LV_0500_20200710_000186	Исследуйте место, где была найдена женщина, пока солдат Мотимер выполняет свою задачу.	고원병사 모티머가 자신의 일을 마무리하는 동안 여인이 발견되었던 장소를 조사해 보세요.				
QUEST_LV_0500_20200710_000187	Вернитесь к солдату Мотимеру.	고원병사 모티머에게 돌아가기.				
QUEST_LV_0500_20200710_000188	Я нашел жидкость Крубина на месте происшествия, и мне удалось найти наручники у монстров.{nl}Вернитесь к солдату Мотимеру, покажите результаты расследования и спросите об обстоятельствах происшествия.	사건 현장에서 크루비나 용액을 발견했고, 몬스터로 부터 족쇄를 찾을 수 있었습니다.{nl}고원병사 모티머에게 돌아가 조사 결과를 보여주고 사건의 경위에 대해 물어보세요.				
QUEST_LV_0500_20200710_000189	Получить потерянные предметы	유실된 물건 회수				
QUEST_LV_0500_20200710_000190	Передать изношенную кандалу посланнику крестоносцев	크루세이더 파견원에게 닳고 닳은 족쇄 전해주기.				
QUEST_LV_0500_20200710_000191	Завершено расследование на территории кемпинга.{nl}Вернитесь к Посланнику крестоносцев и расскажите о результатах расследования.	야영지에서의 조사를 끝냈습니다.{nl}크루세이더 파견원에게 돌아가 조사 결과를 알려주세요.				
QUEST_LV_0500_20200710_000192	Поговорите с посланником крестоносцев, чтобы продолжить расследование.	조사를 지속하기 위해 크루세이더 파견원과 이야기를 나누세요.				
QUEST_LV_0500_20200710_000193	Проведите расследование в лесу Белой Ведьмы.	하얀 마녀의 숲에서 조사를 진행하기.				
QUEST_LV_0500_20200710_000194	Посланник крестоносцев предположил, что за этим стоит кто-то.{nl}Исследуйте следы Глации в Лесу Белой Ведьмы.	크루세이더 파견원은 이 일의 배후가 있을 것임을 짐작했습니다.{nl}하얀 마녀의 숲에서 글레이시어의 흔적을 조사하세요.				
QUEST_LV_0500_20200710_000195	Доставьте пачку писем Посланнику крестоносцев.	크루세이더 파견원에게 편지 뭉치를 전달하기.				
QUEST_LV_0500_20200710_000196	Принесите предметы посланника крестоносцев из Леса Белой Ведьмы.	크루세이더 파견원에게 하얀 마녀의 숲에서 발견한 것들을 가져다주세요.				
QUEST_LV_0500_20200710_000197	Поговорите с Мастером крестоносцев	크루세이더 마스터와 대화하기.				
QUEST_LV_0500_20200710_000198	Мастеру крестоносцев Зофии Элеоноре, кажется, есть что сказать.{nl}Поговори с ней.	크루세이더 마스터 조피아 엘레노라가 할말이 있는 듯 합니다.{nl}그녀와 대화하세요.				
QUEST_LV_0500_20200710_000199	Найдите посланника крестоносца.	크루세이더 파견원을 찾아가기.				
QUEST_LV_0500_20200710_000200	Найдите посланника крестоносца, который расследует аномально суровую холодную волну на плато Стогас.	스토가스 고원의 이상 한파를 조사하고 있는 크루세이더 파견원에게 찾아가세요.				
QUEST_LV_0500_20200710_000201	Исследуйте аномальную сильную волну холода, исходящую от Нубарского утеса.	누바스크 절벽에서 나타나는 이상 한파에 대해 조사하기.				
QUEST_LV_0500_20200710_000202	Исследуйте аномальную сильную холодную волну, идущую с Нубарского утеса, и расскажите о ней Посланнику крестоносцев.	누바스크 절벽에서 이상 한파 현상에 대해 조사하고 결과를 크루세이더 파견원에게 들려주세요.				
QUEST_LV_0500_20200710_000203	Расскажите Crusader Envoy о результатах расследования аномальной сильной волны холода.	이상 한파에 대한 조사 결과를 크루세이더 파견원에게 알려주세요.				
QUEST_LV_0500_20200826_000204	Вы пришли.{nl}Я просил вас о сотрудничестве.	오셨습니까?{nl}협조를 부탁드리려고 계시자님을 불렀습니다.				크루세이더 마스터
QUEST_LV_0500_20200826_000205	Поскольку вы исследовали Глацию, я думаю, что вы лучше всех знаете правду.{nl}Будете ли вы сотрудничать со следствием?	글레이시어에 대한 조사를 진행하신 적이 있으시니, 아무래도 계시자님만큼 이 사건의 진상에 가까이 다가간 사람은 없을 거로 생각합니다.{nl}조사에 협조해 주실 수 있으십니까?				크루세이더 마스터
QUEST_LV_0500_20200826_000206	Спасибо за сотрудничество.{nl}Вещь, которую я вам дал, - это аксессуар из Ткани Глации.{nl}Нам нужно выяснить, как Глация могла выжить из-за демона и оказаться здесь.	협조에 감사드립니다.{nl}계시자님께 드린 물건은 글레이시어의 옷에서 떨어져 나온 장신구입니다.{nl}글레이시어가 어떻게 이곳까지 마족으로부터 목숨을 지킬 수 있었는지 알아볼 필요가 있습니다.				크루세이더 마스터
QUEST_LV_0500_20200826_000207	Пожалуйста, покажите этот аксессуар демону и посмотрите, как они отреагируют.	그 장신구를 마족에게 보여주고 반응을 살펴봐 주십시오.				크루세이더 마스터
QUEST_LV_0500_20200826_000208	Спасибо за сотрудничество.{nl}Покажите демонам сияющее чудо и посмотрите, как они отреагируют.	협조에 감사드립니다.{nl}반짝이는 구슬을 마족에게 보여주고 반응을 살펴봐 주십시오.				크루세이더 마스터
QUEST_LV_0500_20200826_000209	Вы вернулись.	돌아오셨습니까?				크루세이더 마스터
QUEST_LV_0500_20200826_000210	Демоны испугались?{nl}Это правда, что Глация - сильный демон… Она могла быть человеком, когда проходила здесь.	마족이 겁에 질려 도망갔다고요?{nl}글레이시어가 강력한 마족인 건 사실이지만.. 그녀가 여기를 지날 때는 아직 인간이었을 때입니다.				크루세이더 마스터
QUEST_LV_0500_20200826_000211	Тогда… Может быть, с этим делом может быть связано не только Glacia.	그렇다면.. 글레이시어 이상의 다른 마족이 이 사건과 연관되어 있을 가능성이 크군요.				크루세이더 마스터
QUEST_LV_0500_20200826_000212	Наш последний посланник сказал, что он видел Подозрительный кусок с жидкостью Крувина возле корня на камне.{nl}Мы ничего не трогали, чтобы сохранить сцену.	지난번 저희 파견원이 암벽에 있는 나무뿌리 근처에서 크루비나 용액이 묻은 수상한 조각을 봤다고 하더군요.{nl}현장 보존을 위해 건들지는 않았습니다.				크루세이더 마스터
QUEST_LV_0500_20200826_000213	Я исследую этот предмет, поэтому, пожалуйста, найдите Подозрительный предмет и приготовьтесь к расследованию.	제가 직접 그 조각을 조사할 테니 계시자님 께서는 수상한 조각을 찾아 조사를 준비해 주세요.				크루세이더 마스터
QUEST_LV_0500_20200826_000214	Спуститесь по лестнице налево и продолжайте идти. Подозрительный кусок находится между каменной стеной и корнями деревьев.{nl}Богослов, пожалуйста, идите первым и приготовьтесь к расследованию.	수상한 조각은 왼쪽 계단 아래로 내려가, 그대로 가시다 보면 암벽과 나무뿌리 사이에 있습니다.{nl}계시자님께서 먼저 가서 조사를 준비해주십시오.				크루세이더 마스터
QUEST_LV_0500_20200826_000215	Как мне сказать…{nl}Для начала подведем итоги…	어떻게 말씀을 드려야 할지..{nl}결론부터 말씀드리자면..				크루세이더 마스터
QUEST_LV_0500_20200826_000216	Этот кусок обладает силой демонов на протяжении долгих лет{nl}Это больше сила, с которой я когда-либо сталкивался.{nl}Может быть, Глация…	이 조각에는 오랜 시간에 걸쳐 마족의 힘이 배어있습니다.{nl}제가 마주쳤던 그 어떤 마족보다도 더욱 강한 힘이군요.{nl}어쩌면 글레이시어는..				크루세이더 마스터
QUEST_LV_0500_20200826_000217	Вы поверите, что Глация больше не имеет значения по сравнению с властелином власти?	이 힘의 주인에 비하면 글레이시어는 큰 걱정거리가 아닌 수준이라면 믿으시겠습니까?				크루세이더 마스터
QUEST_LV_0500_20200826_000218	Расследование быстро продвигается благодаря сотрудничеству с Богослов.	계시자님의 협조 덕분에 조사가 빠르게 진척되고 있습니다.				크루세이더 마스터
QUEST_LV_0500_20200826_000219	Неудобно… Нам нужны более убедительные доказательства, чтобы доказать, кто или что стоит за Glacia.	번거롭게도.. 글레이시어의 배후를 증명해내기 위해서는 더 확실한 증거가 필요합니다.				크루세이더 마스터
QUEST_LV_0500_20200826_000220	Вы сказали, что место, где вы в прошлый раз нашли письмо Глейшера, находилось под обрывом?{nl}Я хочу, чтобы вы пошли туда и еще раз проверили, есть ли какие-нибудь доказательства, которые я пропустил в то время.	지난번 글레이시어의 편지를 발견한 곳이 절벽 아래라고 하셨죠?{nl}그곳에 가서 그때 놓친 증거가 없는 지, 다시 확인해주셨으면 합니다.				크루세이더 마스터
QUEST_LV_0500_20200826_000221	Пожалуйста, исследуйте Лес Белой Ведьмы.	하얀 마녀의 숲을 조사해주시길 바랍니다.				크루세이더 마스터
QUEST_LV_0500_20200826_000222	Инструкция - определенно доказательство.{nl}У нее даже есть название Glacia.	지령서라면 확실한 증거입니다.{nl}글레이시어의 이름까지 적혀있군요.				크루세이더 마스터
QUEST_LV_0500_20200826_000223	Но почему это написано на языке людей? Сила, ощущаемая от этого предмета, определенно была силой демона.	그렇지만 어째서 인간의 언어로 적혀있을까요?{nl}조각에서 느꼈던 힘은 마족의 힘이 분명했습니다.				크루세이더 마스터
QUEST_LV_0500_20200826_000224	Он хочет говорить о своем присутствии.	우리에게 자신의 존재를 알리고 싶어 하는군요.				크루세이더 마스터
QUEST_LV_0500_20200826_000225	Теперь доказательство того, что кто-то стоит за спиной, несомненно.{nl}Богослов, пока вы спускались со скалы, я попросил о сотрудничестве с Королевством.	배후가 있다는 증거는 확실해졌습니다.{nl}계시자님께서 절벽 아래로 내려가 있는 동안, 저는 조각을 조사하기 위해 왕국에 협조를 요청했습니다.				크루세이더 마스터
QUEST_LV_0500_20200826_000226	Говорят, что в королевстве есть человек, который лучше всех разбирается в могуществе демонов.{nl}Пожалуйста, отдайте части мастеру Рангды Уолиосу Вахиду.{nl}Нежелательно… но это приказ Королевства.	왕국에서는 마족의 힘이라면 가장 잘 알만한 사람이 있다고 하더군요.{nl}랑다 마스터인 우올리오스 와히드에게 조각을 전해주십시오.{nl}탐탁지는 않지만.. 왕국의 명령입니다.				크루세이더 마스터
QUEST_LV_0500_20200826_000227	Мы рассчитываем на вас.{nl}Если вы пройдете мимо этого фрагмента, больше не останется ничего, что вам нужно было бы помочь.	그럼 부탁드립니다.{nl}그 조각만 전해주신다면 계시자님께서 도와주실 일은 더 없습니다.				크루세이더 마스터
QUEST_LV_0500_20200826_000228	Богослов, спасибо за вашу помощь.	계시자님, 도와주셔서 감사했습니다.				크루세이더 마스터
QUEST_LV_0500_20200826_000229	Гласия Казимила.{nl}Это человеческое имя Гласиа.	글레이시어 카시밀라.{nl}글레이시어가 인간이었을 때의 이름입니다.				크루세이더 마스터
QUEST_LV_0500_20200826_000230	Вы пришли.{nl}Уже слышали об истории.	오셨군요.{nl}이야기는 미리 들었습니다.				랑다 마스터
QUEST_LV_0500_20200826_000231	Сильная энергия.{nl}Если бы не действие Мастера Крестоносца, было бы не странно, если бы вы упали на пути к этому месту.	강한 기운이군요.{nl}크루세이더 마스터님의 조치가 없었더라면, 이곳에 오는 중에 쓰러지셨어도 이상하지 않았을 겁니다.				랑다 마스터
QUEST_LV_0500_20200826_000232	Владельцем этой силы является название земли, данное по имени Бехолдера.{nl}Я расскажу вам больше, чем это позже, если у меня будет возможность.{nl}Мы позаботимся об этом участке.{nl}nl} Ты отдашь его девушке рядом с тобой?	이 힘의 주인은 이 땅의 명칭으로 주시자라는 이름의 존재군요.{nl}이 이상의 이야기는 나중에 기회가 된다면 말씀드리죠.{nl}이 조각은 저희가 관리하겠습니다.{nl}저 옆의 소녀에게 주시겠습니까?				랑다 마스터
QUEST_LV_0500_20200826_000233	Девушка Рангда	랑다 소녀				
QUEST_LV_0500_20200826_000234	Относитесь к ней хорошо, она ребенок.	어린 아이이니 조심히 대해주세요.				랑다 마스터
QUEST_LV_0500_20200826_000235	Будьте осторожны, чтобы не потерять свою жизнь, участвуя в Пространственном Коллапсе и Сингулярности Разделения.{nl}Особенно осторожно ведите себя в Сингулярности Разделения. Это чрезвычайно опасное место.	차원 붕괴와 분열 특이점에 휘말려 아까운 목숨을 잃지 않도록 주의하세요.{nl}특히 분열 특이점에서는 행동을 주의하세요. 무척 위험한 장소입니다.	QUEST_LV_0500_20200320_000076	Be careful not to get swept into the dimensional collapse.{nl} It would be wise to approach when you're fully prepared.  	차원 붕괴에 휘말려 아까운 목숨을 잃지 않도록 주의하세요.{nl}준비가 충분하지 않으면 가까이 가지 않는 게 좋습니다.	세이지 파견원
QUEST_LV_0500_20200826_000236	Если вы недостаточно готовы, не подходите ближе. Будьте готовы перед приближением.	준비가 충분하지 않으면 가까이 가지 않는 게 좋습니다. 철저한 준비를 하시고 접근하시기 바랍니다. 				세이지 파견원
QUEST_LV_0500_20200826_000237	Белая ведьма и крестоносец (8)	하얀 마녀와 크루세이더(8)				
QUEST_LV_0500_20200826_000238	Сотрудничайте со следствием.	조사에 협조한다.				
QUEST_LV_0500_20200826_000239	Не буду сотрудничать со следствием.	협조하고 싶지 않다.				
QUEST_LV_0500_20200826_000240	Белая ведьма и крестоносец (9)	하얀 마녀와 크루세이더(9)				
QUEST_LV_0500_20200826_000241	Я был бы готов.	준비해 두겠다고 한다.				
QUEST_LV_0500_20200826_000242	Скажи ему пойти туда позже	나중에 가자고 한다.				
QUEST_LV_0500_20200826_000243	Белая ведьма и крестоносец (10)	하얀 마녀와 크루세이더(10)				
QUEST_LV_0500_20200826_000244	Сейчас это сделать слишком сложно.	지금은 어렵다고 한다.				
QUEST_LV_0500_20200826_000245	Белая ведьма и крестоносец (11)	하얀 마녀와 크루세이더(11)				
QUEST_LV_0500_20200826_000246	Я передам это.	전해주겠다고 말한다.				
QUEST_LV_0500_20200826_000247	Я не могу тебе помочь.	도울수 없다고 한다.				
QUEST_LV_0500_20200826_000248	Белая ведьма и крестоносец (12)	하얀 마녀와 크루세이더(12)				
QUEST_LV_0500_20200826_000249	Я не хочу больше участвовать.	더 이상 관여하고 싶지 않다고 한다.				
QUEST_LV_0500_20200826_000250	Найдите мастера крестоносцев.	크루세이더 마스터를 찾아가기.				
QUEST_LV_0500_20200826_000251	Повелителю крестоносцев, кажется, есть что сказать вам.{nl}Подойдите к ней и спросите, в чем дело.	크루세이더 마스터가 당신에게 할 말이 있는 듯 합니다.{nl}그녀를 찾아가 무슨 일인지 물어보세요.				
QUEST_LV_0500_20200826_000252	Используйте вещи Гласии для монстра.	글레이시어의 소지품을 몬스터에게 사용하기.				
QUEST_LV_0500_20200826_000253	Как просил Мастер Крестоносцев, покажите монстрам вещи Глации.	크루세이더 마스터의 요청대로, 글레시이어의 소지품을 몬스터들에게 보여주세요.				
QUEST_LV_0500_20200826_000254	Сообщите о результатах расследования Мастеру крестоносцев.	조사 결과를 크루세이더 마스터에게 보고하기.				
QUEST_LV_0500_20200826_000255	Монстры испугались, пока вы показываете вещи Глации!{nl}Расскажите о результатах расследования.	글레시이서의 소지품을 몬스터에게 보여주니, 몬스터들은 허겁지겁 달아났습니다!{nl}조사 결과를 크루세이더 마스터에게 알려주세요.				
QUEST_LV_0500_20200826_000256	Мастер крестоносцев пытается попросить о сотрудничестве для следующего расследования.{nl}Поговорите с мастером крестоносцев.	크루세이더 마스터가 다음 조사를 위해 협조를 요청하려고 합니다.{nl}크루세이더 마스터와 대화하세요.				
QUEST_LV_0500_20200826_000257	Приготовьтесь к подозрительному событию.	수상한 조각 조사 준비하기.				
QUEST_LV_0500_20200826_000258	Повелитель крестоносцев получил сообщение от посланника о Подозрительной Части, которая, как полагают, была пролита Ледником.{nl}Отправляйтесь к Подозрительной Части и будьте готовы заранее, чтобы Мастер Крестоносцев расследовал это.	크루세이더 마스터는 파견원으로부터 글레이시어가 흘린 것으로 추정되는 수상한 조각에 대한 보고를 받았습니다.{nl}수상한 조각이 있는 곳으로 가서 크루세이더 마스터가 조사할 수 있도록 미리 준비를 해두세요.				
QUEST_LV_0500_20200826_000259	Вернитесь к Мастеру крестоносцев.	크루세이더 마스터에게 돌아가기.				
QUEST_LV_0500_20200826_000260	Хозяин крестоносцев забрал Подозрительную Часть.{nl}Вернитесь к ней и узнайте о результатах расследования.	크루세이더 마스터가 수상한 조각을 가져갔습니다.{nl}그녀에게 돌아가 조사 결과에 대해 들어보세요.				
QUEST_LV_0500_20200826_000261	Спросите Мастера крестоносцев, что нужно для следующего расследования.	크루세이더 마스터에게 다음 조사를 위해 필요한 건 무엇인지 물어보세요.				
QUEST_LV_0500_20200826_000262	Проведите расследование в Лесу Белой Ведьмы (Легенда).	하얀 마녀의 숲(레전드)에서 조사를 진행하기.				
QUEST_LV_0500_20200826_000263	Мастер крестоносцев говорит, что необходимы более убедительные доказательства, чтобы идентифицировать существование демонов за Ледником.{nl}Вернитесь в Лес Белой Ведьмы и посмотрите на Worn Out Pouch.	크루세이더 마스터는 글레이시어의 배후에 있는 마족의 존재를 특정하기 위해서는 더 확실한 증거가 필요하다고 합니다.{nl}하얀 마녀의 숲으로 돌아가 해진 주머니를 살펴보세요.				
QUEST_LV_0500_20200826_000264	Покажите мастеру-крестоносцу таинственный орден, который вы нашли из изношенной сумки.	크루세이더 마스터에게 해진 주머니에서 발견한 의문의 지령서를 보여주세요.				
QUEST_LV_0500_20200826_000265	Спросите Мастера крестоносцев, если нужна дополнительная помощь.	크루세이더 마스터에게 더 도와줄 일은 없는 지 물어보세요.				
QUEST_LV_0500_20200826_000266	Иди к Мастеру Рангды.	랑다 마스터를 찾아가기.				
QUEST_LV_0500_20200826_000267	Мастер крестоносцев поблагодарил за сотрудничество с расследованием и, наконец, попросил навестить мастера Рангда, чтобы провести тщательное расследование подозрительной скульптуры.{nl}Отправляйтесь к мастеру Рангда в монастырь Саалуса и спросите о подозрительной скульптуре.	크루세이더 마스터는 조사에 협력해주어서 고맙다는 말을 전하며, 마지막으로 수상한 조각에 대해서 확실한 조사를 하기 위해 랑다 마스터를 찾아가 달라고했습니다.{nl}살러스 수녀원에 있는 랑다 마스터를 찾아가 수상한 조각에 대해 물어보세요.				
QUEST_LV_0500_20200826_000268	Поговорите с Мастером Рангды.	랑다 마스터와 대화하기.				
QUEST_LV_0500_20200826_000269	Послушайте мнение мастера Лангды о подозрительной скульптуре.	랑다 마스터에게 수상한 조각에 대해서 의견을 들으세요.				
QUEST_LV_0500_20200826_000270	Передайте подозрительную скульптуру девушке из Рангды.	수상한 조각을 랑다 소녀에게 전해주기.				
QUEST_LV_0500_20200826_000271	Я слышал объяснение подозрительной скульптуры от мастера Рангда.{nl}Поскольку это опасно, мы должны доверить эту скульптуру Рангде, который более опытен в борьбе с силой демонов.{nl}Пожалуйста, передайте скульптуру девушке Рангда.	랑다 마스터에게 수상한 조각에 대한 설명을 들었습니다.{nl}위험한 물건이니 마족의 힘을 다루는 데 더 능숙한 랑다에게 조각을 맡겨야 합니다.{nl}조각을 랑다 소녀에게 전해주세요.				
